nonon | 0561519818 | jbnonn@bub.fr | Etudiant | encore  | telephone | indefini | Matin +
nonon | 0561519818 | jbnonn@bub.fr | Etudiant | encore  | telephone | indefini | indefini +
nonon | 0236597820 | jbnonn@bub.fr | Developpeur | vivi | telephone | indefini | indefini +
billl cncoeic | 0236597820 | chapelain@ubo.fr | Developpeur | pas encore | telephone | lundi  | indefini +
billl cncoeic | 0236597820 | chapelain@ubo.fr | Developpeur | pas encore | telephone | indefini | indefini +
nonon | 0236597820 | jbnonn@bub.fr | Developpeur | bibo | telephone | mardi  | Après-midi +
nonon | 0236597820 | jbnonn@bub.fr | Developpeur | bonb | telephone | indefini | Matin +
bob | 0236597820 | chapelain@ubo.fr | Developpeur | ge"g(g h'g | telephone | lundi  | Matin +
bob | 0236597820 | chapelain@ubo.fr | Developpeur | ge"g(g h'g | telephone | lundi  | Matin +
chacha | 0235313480 | bpnonpon@hp.com | Etudiant | boubo  | telephone | lundi  | Matin +
chacha | 0235313480 | bpnonpon@hp.com | Etudiant | boubo  | telephone | lundi  | Matin +
chacha | 0235313480 | bpnonpon@hp.com | Etudiant | boubo  | telephone | lundi  | Matin +
bjnl | 0235313480 | bpnonpon@hp.com | Developpeur | fiuou | telephone | lundi  | Matin +
chacha | 0235313480 | bpnonpon@hp.com | Etudiant | bbibpb | courriel | lundi mercredi vendredi  | Matin Après-midi +
chacha | 0235313480 | bpnonpon@hp.com | Etudiant | bbibpb | courriel | lundi mercredi vendredi  | Matin Après-midi +
chacha | 0235313480 | bpnonpon@hp.com | Etudiant | bbibpb | courriel | lundi mercredi vendredi  | Matin Après-midi +
chacha | 0235313480 | bpnonpon@hp.com | Etudiant | bbibpb | courriel | lundi mercredi vendredi  | Matin Après-midi +
chacha | 0235313480 | bpnonpon@hp.com | Etudiant | bbibpb | courriel | lundi mercredi vendredi  | Matin Après-midi +
bjnl | 0235313480 | aa@dd.com | Etudiant | bo o | telephone | lundi  | Matin +
bjnl | 0235313480 | aa@dd.com | Etudiant | bo o | telephone | lundi  | Matin +
&quot;&lt;!--voila--&gt; | 0235313480 | ceece@htm.fr | Developpeur | vivi | telephone | lundi  | Matin +
&quot;&lt;!--voila--&gt; | 0235313480 | ceece@htm.fr | Developpeur | Chapeau | telephone | lundi  | Matin +
"<!--voila--> | 0235313480 | ceece@htm.fr | Developpeur | Chapeau | telephone | lundi  | Matin +
"<!--voila--> | 0235313480 | ceece@htm.fr | Developpeur | Chapeau | telephone | lundi  | Matin +
"<!--voila--> | 0235313480 | bpnonpon@hp.com | Violet | vob | telephone | lundi  | Matin +
dgcfngnvbn cvbxcfbdc | 0235313480 | bpnonpon@hp.com | Etudiant | boi | telephone | lundi  | Matin +
&quot;&lt;!--voila--&gt; | 0235313480 | bpnonpon@hp.com | Developpeur | boboib | telephone | lundi  | Matin +
&quot;&lt;!--voila--&gt; | 0235313480 | bpnonpon@hp.com | Developpeur | boboib | telephone | lundi  | Matin +
&quot;&lt;!--nin--&gt; | 0235313480 | chapeaubas@hp.com | Developpeur | ciuv | telephone | lundi  | Matin +
&quot;&lt;!--nin--&gt; | 0223123456 | chapeaubas@hp.com | Etudiant | /bobo | telephone | lundi  | Matin +
billl cncoeic | 0236597820 | env@hn.fr | Etudiant | bzvdrtb | telephone | lundi jeudi  | Matin +
